complex_name,complex_slug,complex_logo_url,region_id,latitude,longitude,partner_name,partner_address,phone_mobile1,phone_mobile2,phone_short,email,website,facebook,instagram,partner_logo_url,initial_payment_pct,mortgage_rate_pct,mortgage_period_years,min_loan_amount,max_loan_amount
Xəzri Residence,250-xezri-residence,https://ipoteka.birbank.az/api/files/6540624f-2b9f-44be-96a8-6c372455f1db.jpeg,42,40.5797,49.69217,PMD GROUP MMC,"Bakı şəh, Port Baku, Neftçilər prospekti 153",0507075775,,5775,,www.pmdgroup.az,www.facebook.com/Pmdaz-105706621969998,www.instagram.com/pmd.az/,https://ipoteka.birbank.az/api/files/fdca44c0-1ba5-4c46-9d5d-00a0134e992d.png,20.0,16.5,20,20000.0,500000.0
Təbriz Evləri,238-tebriz-evleri,https://ipoteka.birbank.az/api/files/1af0d887-c3cb-4e3f-a6ed-8fd977bd40a7.jpeg,21,40.392715,49.854637,PMD GROUP MMC,"Bakı şəh, Port Baku, Neftçilər prospekti 153",0507075775,,5775,,www.pmdgroup.az,www.facebook.com/Pmdaz-105706621969998,www.instagram.com/pmd.az/,https://ipoteka.birbank.az/api/files/fdca44c0-1ba5-4c46-9d5d-00a0134e992d.png,20.0,16.5,20,20000.0,500000.0
Zərifə Əliyeva 53,625-zerife-əliyeva-53,https://ipoteka.birbank.az/api/files/0d10ea3f-dea0-4395-b262-1934b9906319.jpeg,1,40.374992,49.855225,PMD GROUP MMC,"Bakı şəh, Port Baku, Neftçilər prospekti 153",0507075775,,5775,,www.pmdgroup.az,www.facebook.com/Pmdaz-105706621969998,www.instagram.com/pmd.az/,https://ipoteka.birbank.az/api/files/fdca44c0-1ba5-4c46-9d5d-00a0134e992d.png,20.0,16.5,20,20000.0,500000.0
Üzeyir Hacıbəyli 57,955-üzeyir-hacibeyli-57,https://ipoteka.birbank.az/api/files/aba5e2bf-85ad-414c-9efc-393e8ec4c720.jpeg,1,40.376976,49.85769,PMD GROUP MMC,"Bakı şəh, Port Baku, Neftçilər prospekti 153",0507075775,,5775,,www.pmdgroup.az,www.facebook.com/Pmdaz-105706621969998,www.instagram.com/pmd.az/,https://ipoteka.birbank.az/api/files/fdca44c0-1ba5-4c46-9d5d-00a0134e992d.png,20.0,16.5,20,20000.0,500000.0
Gümüş Residence,843-gumus-residence,https://ipoteka.birbank.az/api/files/13a7e7c7-b575-44e2-bc94-e207dd0d297e.jpeg,1,40.36688,49.823574,PMD GROUP MMC,"Bakı şəh, Port Baku, Neftçilər prospekti 153",0507075775,,5775,,www.pmdgroup.az,www.facebook.com/Pmdaz-105706621969998,www.instagram.com/pmd.az/,https://ipoteka.birbank.az/api/files/fdca44c0-1ba5-4c46-9d5d-00a0134e992d.png,20.0,16.5,20,20000.0,500000.0
Hillside Residence,758-hillside-residence,https://ipoteka.birbank.az/api/files/c708b58a-b40f-408a-8ec6-cc92fecdc588.jpeg,1,40.361034,49.82521,PMD GROUP MMC,"Bakı şəh, Port Baku, Neftçilər prospekti 153",0507075775,,5775,,www.pmdgroup.az,www.facebook.com/Pmdaz-105706621969998,www.instagram.com/pmd.az/,https://ipoteka.birbank.az/api/files/fdca44c0-1ba5-4c46-9d5d-00a0134e992d.png,20.0,16.5,20,20000.0,500000.0
Vurğun Residence,793-vurgun-residence,https://ipoteka.birbank.az/api/files/d6b3ca63-d8a0-4533-9893-8d4fe522e632.jpeg,3,40.38428,49.836315,PMD GROUP MMC,"Bakı şəh, Port Baku, Neftçilər prospekti 153",0507075775,,5775,,www.pmdgroup.az,www.facebook.com/Pmdaz-105706621969998,www.instagram.com/pmd.az/,https://ipoteka.birbank.az/api/files/fdca44c0-1ba5-4c46-9d5d-00a0134e992d.png,20.0,16.5,20,20000.0,500000.0
Grand Park Plaza,111-grand-park-plaza,https://ipoteka.birbank.az/api/files/31585d38-5051-4a8c-adac-3e56008082db.jpeg,3,40.38653,49.834564,PMD GROUP MMC,"Bakı şəh, Port Baku, Neftçilər prospekti 153",0507075775,,5775,,www.pmdgroup.az,www.facebook.com/Pmdaz-105706621969998,www.instagram.com/pmd.az/,https://ipoteka.birbank.az/api/files/fdca44c0-1ba5-4c46-9d5d-00a0134e992d.png,20.0,16.5,20,20000.0,500000.0
Nizami Boutique,208-nizami-boutique,https://ipoteka.birbank.az/api/files/2a5e499b-3a90-4c8a-8dba-587f0b9e1fc3.jpeg,1,40.369118,49.82423,PMD GROUP MMC,"Bakı şəh, Port Baku, Neftçilər prospekti 153",0507075775,,5775,,www.pmdgroup.az,www.facebook.com/Pmdaz-105706621969998,www.instagram.com/pmd.az/,https://ipoteka.birbank.az/api/files/fdca44c0-1ba5-4c46-9d5d-00a0134e992d.png,20.0,16.5,20,20000.0,500000.0
Oscar,929-oscar,https://ipoteka.birbank.az/api/files/aa8381ce-40e8-4e81-aba6-a7a95f968279.jpeg,22,40.42708,49.953163,SR Construction CO MMC,"Yasamal rayonu, Balababa Məcidov küçəsi",0505551144,,1144,,www.srconstruction.az,www.facebook.com/SRinshaat/,www.instagram.com/srconstructionco/,https://ipoteka.birbank.az/api/files/33d53685-ab81-43a0-ad90-a848d03d584b.jpg,20.0,16.5,20,20000.0,500000.0
Ahmadli Park,768-ahmadli-park,https://ipoteka.birbank.az/api/files/a56c07ec-be07-4530-b0b5-6adfbda0f32b.jpg,5,40.38171,49.95118,SR Construction CO MMC,"Yasamal rayonu, Balababa Məcidov küçəsi",0505551144,,1144,,www.srconstruction.az,www.facebook.com/SRinshaat/,www.instagram.com/srconstructionco/,https://ipoteka.birbank.az/api/files/33d53685-ab81-43a0-ad90-a848d03d584b.jpg,20.0,16.5,20,20000.0,500000.0
Terras Park,167-terras-park,https://ipoteka.birbank.az/api/files/7aebd778-a9a3-4e98-8aae-4d055c41e7e5.jpg,22,40.41535,49.962944,SR Construction CO MMC,"Yasamal rayonu, Balababa Məcidov küçəsi",0505551144,,1144,,www.srconstruction.az,www.facebook.com/SRinshaat/,www.instagram.com/srconstructionco/,https://ipoteka.birbank.az/api/files/33d53685-ab81-43a0-ad90-a848d03d584b.jpg,20.0,16.5,20,20000.0,500000.0
Central Towers,737-central-towers,https://ipoteka.birbank.az/api/files/debffa5f-cdb5-47f6-80b2-53d150de0704.jpg,4,40.381187,49.822845,SR Construction CO MMC,"Yasamal rayonu, Balababa Məcidov küçəsi",0505551144,,1144,,www.srconstruction.az,www.facebook.com/SRinshaat/,www.instagram.com/srconstructionco/,https://ipoteka.birbank.az/api/files/33d53685-ab81-43a0-ad90-a848d03d584b.jpg,20.0,16.5,20,20000.0,500000.0
,,,,,,Dreamland,Heydər Əliyev Adına Hava Limanı Avtomobil Yolunun 22-Ci Kilometri,0994047474,,0124047474,,www.dreamland.az/,,,https://ipoteka.birbank.az/api/files/b37e928a-ceea-43e5-a2ba-4c7b17e0e60d.png,30.0,16.5,20,20000.0,500000.0
Cıdır Residence,270-cidir-residence,https://ipoteka.birbank.az/api/files/4c0aa957-532f-41a3-b90a-6a34f6672c1a.jpeg,21,40.41288,49.837605,Resant Real Estate MMC,"Bakı ş, Nərimanov r-nu, Ak. Həsən Əliyev 135A",0505051333,,*4445,,www.resant.az,www.facebook.com/RESANTRealEstate/,www.instagram.com/resant.realestate/,https://ipoteka.birbank.az/api/files/380294d2-69c5-4d82-83d6-27ca126112ac.png,30.0,16.5,20,30000.0,500000.0
Əhmədli Residence,698-əhmedli-residence,https://ipoteka.birbank.az/api/files/85d4ff22-7367-4347-abc8-88fda6935b3a.jpeg,5,40.372337,49.864635,Resant Real Estate MMC,"Bakı ş, Nərimanov r-nu, Ak. Həsən Əliyev 135A",0505051333,,*4445,,www.resant.az,www.facebook.com/RESANTRealEstate/,www.instagram.com/resant.realestate/,https://ipoteka.birbank.az/api/files/380294d2-69c5-4d82-83d6-27ca126112ac.png,30.0,16.5,20,30000.0,500000.0
Qış Parkı Residence,364-qis-parki-residence,https://ipoteka.birbank.az/api/files/317b914c-263c-4b5a-a5b9-e68045e91642.jpeg,3,40.37695,49.0,Resant Real Estate MMC,"Bakı ş, Nərimanov r-nu, Ak. Həsən Əliyev 135A",0505051333,,*4445,,www.resant.az,www.facebook.com/RESANTRealEstate/,www.instagram.com/resant.realestate/,https://ipoteka.birbank.az/api/files/380294d2-69c5-4d82-83d6-27ca126112ac.png,30.0,16.5,20,30000.0,500000.0
28 Park Residence,811-28-park-residence,https://ipoteka.birbank.az/api/files/0349bc8d-4a19-4be6-a098-66e51dab8e74.png,3,40.383793,49.84666,Resant Real Estate MMC,"Bakı ş, Nərimanov r-nu, Ak. Həsən Əliyev 135A",0505051333,,*4445,,www.resant.az,www.facebook.com/RESANTRealEstate/,www.instagram.com/resant.realestate/,https://ipoteka.birbank.az/api/files/380294d2-69c5-4d82-83d6-27ca126112ac.png,30.0,16.5,20,30000.0,500000.0
Nargilə Residence,425-nargile-residence,https://ipoteka.birbank.az/api/files/ff71b6fa-3009-4b94-8632-161cad1a3b13.jpeg,5,40.36904,49.943806,Resant Real Estate MMC,"Bakı ş, Nərimanov r-nu, Ak. Həsən Əliyev 135A",0505051333,,*4445,,www.resant.az,www.facebook.com/RESANTRealEstate/,www.instagram.com/resant.realestate/,https://ipoteka.birbank.az/api/files/380294d2-69c5-4d82-83d6-27ca126112ac.png,30.0,16.5,20,30000.0,500000.0
Park Nərimanov Residence,268-park-nerimanov-residence,https://ipoteka.birbank.az/api/files/6e6d4535-cd31-4e0e-9bc8-b634f221ab81.jpeg,21,40.402596,49.875435,Resant Real Estate MMC,"Bakı ş, Nərimanov r-nu, Ak. Həsən Əliyev 135A",0505051333,,*4445,,www.resant.az,www.facebook.com/RESANTRealEstate/,www.instagram.com/resant.realestate/,https://ipoteka.birbank.az/api/files/380294d2-69c5-4d82-83d6-27ca126112ac.png,30.0,16.5,20,30000.0,500000.0
Baku Galaxy Park Residence,743-baku-galaxy-park-residence,https://ipoteka.birbank.az/api/files/6fac43d8-28c0-408f-a51b-57c74868b3e7.jpeg,3,40.38411,49.855114,Resant Real Estate MMC,"Bakı ş, Nərimanov r-nu, Ak. Həsən Əliyev 135A",0505051333,,*4445,,www.resant.az,www.facebook.com/RESANTRealEstate/,www.instagram.com/resant.realestate/,https://ipoteka.birbank.az/api/files/380294d2-69c5-4d82-83d6-27ca126112ac.png,30.0,16.5,20,30000.0,500000.0
Crown City Residence,343-crown-city-residence,https://ipoteka.birbank.az/api/files/9bc7b59d-0bae-4aa3-adf1-845cbf74d6e5.jpeg,21,40.41836,49.908813,Resant Real Estate MMC,"Bakı ş, Nərimanov r-nu, Ak. Həsən Əliyev 135A",0505051333,,*4445,,www.resant.az,www.facebook.com/RESANTRealEstate/,www.instagram.com/resant.realestate/,https://ipoteka.birbank.az/api/files/380294d2-69c5-4d82-83d6-27ca126112ac.png,30.0,16.5,20,30000.0,500000.0
Park Residences,217-park-residences,https://ipoteka.birbank.az/api/files/09d70498-1dd5-4908-b8f1-b028d07c3ad2.png,22,40.59422,49.98991,Sea Breeze Real Estate,"Bakı şəh, Nardaran qəsəbəsi",0552251304,,012 311 02 67,,seabreeze.az,www.facebook.com/seabreeze.realestate,www.instagram.com/seabreeze.realestate/,https://ipoteka.birbank.az/api/files/529d2022-5578-4f2b-a76e-24eb81577dd8.png,20.0,16.5,20,20000.0,500000.0
Polo Residence,933-polo-residence,https://ipoteka.birbank.az/api/files/15284f28-abc8-42fe-acab-8cf726eda028.png,22,40.59422,49.98991,Sea Breeze Real Estate,"Bakı şəh, Nardaran qəsəbəsi",0552251304,,012 311 02 67,,seabreeze.az,www.facebook.com/seabreeze.realestate,www.instagram.com/seabreeze.realestate/,https://ipoteka.birbank.az/api/files/529d2022-5578-4f2b-a76e-24eb81577dd8.png,20.0,16.5,20,20000.0,500000.0
Sabah Residence,970-sabah-residence,https://ipoteka.birbank.az/api/files/d479664c-4d41-455e-9932-11b9750ca01e.jpg,1,40.351685,49.832085,Sabah Residence MTK,"Bakı şəhəri., Ziya Yusifzadə küçəsi 12 (Xanlar 10)",0502958181,,0123100511,,www.sabahresidence.az,www.facebook.com/sabahresidence/,www.instagram.com/sabahresidence/,https://ipoteka.birbank.az/api/files/c38ae2ca-67e7-4c41-a4b4-3745984c4d81.png,30.0,16.5,20,30000.0,500000.0
Ağ Saray Residence,868-ag-saray-residence,https://ipoteka.birbank.az/api/files/2a9c7935-a8ef-4565-b7d1-d01d6cf1a393.jpg,5,40.38456,49.882214,Ağ Saray Residence MTK,"Bakı Ağ Şəhər, Mərkəzi Bulvar küçəsi 6",0507370001,,,,www.agsaray.com,www.facebook.com/agsarayresidencebwc,,https://ipoteka.birbank.az/api/files/7770319f-bc61-46d2-ad79-cbdce622c8be.jpg,20.0,16.5,20,30000.0,500000.0
Baku City residence Khatai,057-baku-city-residence-khatai,https://ipoteka.birbank.az/api/files/be990320-143d-4f2c-b539-9a57ae4d272c.jpg,5,40.38677,49.875042,FDI International,"Bakı şəhəri.,  Ağ Şəhər - Nəcəfqulu Rəfiyev küçəsi 25",,,121,,www.khatai.bcr.az,www.facebook.com/bcrkhatai,www.instagram.com/bcr.khatai/,https://ipoteka.birbank.az/api/files/4b355604-b324-4c9d-b78b-9971b03ed074.jpg,20.0,16.5,20,30000.0,500000.0
K-Residence,655-k-residence,https://ipoteka.birbank.az/api/files/3ad659b2-cc43-454c-848b-fe8e30481f0b.jpeg,5,40.380936,49.848656,Knightsbridge MTK,"Bakı şəhəri., Xətai rayonu., 8 Noyabr prospekti 151",0515771234,,0125251234,,www.kresidence.az,,www.instagram.com/k.residencebaku/,https://ipoteka.birbank.az/api/files/9ba37829-e1be-41a2-b98f-8ca91758ded1.png,20.0,16.5,20,30000.0,500000.0
Rahatlığın Məkanı,878-rahatligin-mekani-,https://ipoteka.birbank.az/api/files/474ce7b2-61a1-4e19-9756-b8f91461500f.jpg,4,40.40555,49.80156,Rahatlığın Məkanı MMC,"Bakı şəh., Yasamal ray., Müzəffər Həsənov küç.,2",0503450999,,0125260999,,,,www.instagram.com/rahatligin_mekani_mmc/,https://ipoteka.birbank.az/api/files/15591487-0e86-4aff-a0cb-188292256c57.png,20.0,16.5,20,20000.0,500000.0
Royal Park,777-royal-park,https://ipoteka.birbank.az/api/files/020d3892-99eb-4b81-9d41-afe0e91b55b7.jpg,4,40.379486,49.79022,Realest MMC,"Bakı şəhəri., Yeni Yasamal., Kənar Dairəvi Yol 10",0512072115,,8822,,www.realest.az,www.facebook.com/realest.az/,www.instagram.com/royalpark_az/,https://ipoteka.birbank.az/api/files/temp,20.0,16.5,20,30000.0,500000.0
Anima MTK,377-anima-mtk,https://ipoteka.birbank.az/api/files/ebca2e78-76a9-4897-8535-95fe727461fe.png,3,40.39676,49.829357,Capital Park,"Bakı şəhəri., N.Yusifbəyli və A.Səhhət küçələrinin kəsişməsi",0704905533,0702427777,5533,,www.capitalcity.az,,www.instagram.com/capital_plaza/,https://ipoteka.birbank.az/api/files/f2bf4a42-008c-4106-966f-8630ddb9f88b.png,20.0,16.5,20,30000.0,500000.0
Kronşnep MMC,852-kronsnep-mmc,https://ipoteka.birbank.az/api/files/0f366b6b-3897-4e2b-abd6-0927df04f185.png,5,40.381805,49.875004,Capital Park,"Bakı şəhəri., N.Yusifbəyli və A.Səhhət küçələrinin kəsişməsi",0704905533,0702427777,5533,,www.capitalcity.az,,www.instagram.com/capital_plaza/,https://ipoteka.birbank.az/api/files/f2bf4a42-008c-4106-966f-8630ddb9f88b.png,20.0,16.5,20,30000.0,500000.0
Zumrud Residence,788-zumrud-residence,https://ipoteka.birbank.az/api/files/f0bd63f6-77a4-41ea-ae1a-de1e8aa4cca9.jpg,21,40.39876,49.860783,Cavid-2016 MMC,"Bakı şəhəri, B.Dadaşov küçəsi ilə Y.Bakuvi küçəsinin kəsişməsi",0502718414,,0125253838,,www.zumrudresidence.com,www.facebook.com/zumrudresidence/,www.instagram.com/zumrudresidence/,https://ipoteka.birbank.az/api/files/dfeb8c90-1853-46a7-b3ed-a988b1dbd9b1.jpg,20.0,16.5,20,30000.0,500000.0
Bayıl Residence,167-bayil-residence,https://ipoteka.birbank.az/api/files/temp,1,40.349407,49.83258,Fortis Bayıl MTK,"Bakı şəhəri., Qurban Abbasov küç. 29   SAPPHIRE PLAZA, 5- ci mərtəbə",0502772716,,,,www.fortis.az/projects/-park-bayil,,www.instagram.com/bayilresidence/,https://ipoteka.birbank.az/api/files/a00b9c9c-8915-432c-9a11-9bb8a3b24d14.jpg,20.0,16.5,20,30000.0,500000.0
Ancora Residence,976-ancora-residence,https://ipoteka.birbank.az/api/files/bf34ee90-550b-47a5-add1-84c4f980eed3.jpg,5,40.387417,49.88796,Fortis MTK,"Bakı Ağ Şəhər, 1-ci Fəvvarələr küçəsi, Fortis Residence binasi",0502772716,,,,www.ancoraresidence.az,www.facebook.com/ancora.residence.whitecity/,www.instagram.com/ancora_residence_whitecity/,https://ipoteka.birbank.az/api/files/4c126fa3-ed82-4fca-8d86-881830739afd.jpg,20.0,16.5,20,30000.0,500000.0
Alfa Zaqatala,446-alfa-zaqatala,https://ipoteka.birbank.az/api/files/01c73f82-128e-4418-9957-69452552847c.jpg,122,41.63359,46.633774,ASK Əmlak,"Zaqatala şəh., Azərbaycan PR 108",0552229962,,,,https://ask.gov.az/,,,https://ipoteka.birbank.az/api/files/d2d1db62-ed82-4952-88fe-860b90be4ab3.png,30.0,5.0,20,30000.0,500000.0
Aydınlı Yaşayış Kompleksi,168-aydinli-yasayis-kompleksi,https://ipoteka.birbank.az/api/files/aa544643-2b92-4478-a77f-189f7f871516.png,2,40.371452,49.831524,ASK Əmlak,"Zaqatala şəh., Azərbaycan PR 108",0552229962,,,,https://ask.gov.az/,,,https://ipoteka.birbank.az/api/files/d2d1db62-ed82-4952-88fe-860b90be4ab3.png,30.0,5.0,20,30000.0,500000.0
Daşınmaz əmlak agentliyi,531-dasinmaz-emlak-agentliyi,https://ipoteka.birbank.az/api/files/b12f4a30-c191-488f-96e1-f90cb4d3ad9e.png,4,40.388874,49.81549,AVALON MMC,"Bakı şəh., Yasamal ray., Şəfaət Mehdiyev küç / Bakı şəh., Xətai ray., Xocalı pr / Bakı şəh., Nəsimi ray., Hənifə Ələsgərova küç",0503310300,0502435919,,,www.avalon.az,,,https://ipoteka.birbank.az/api/files/639ff8cd-d115-421c-918d-2df73369ec25.png,15.0,5.0,20,20000.0,500000.0
AY Company,862-ay-company-,https://ipoteka.birbank.az/api/files/b54e32d5-7eb7-4d51-824c-eb3f1f6e4d0f.jpg,62,40.4602,49.75137,AY Company MTK,"Abşeron rayon, Xırdalan şəhəri, Bakı Sumqayıt yolu",0558555954,0508555954,,,,,ay_company_,https://ipoteka.birbank.az/api/files/e328dedb-3168-4998-8e46-79e60ebb67b2.png,30.0,5.0,20,20000.0,500000.0
,,,,,,Abşeron M MMC,"Bakı şəh., Yeni Günəşli, AB Yaşayış massivi",0502073632,,,,,,,https://ipoteka.birbank.az/api/files/temp,30.0,5.0,20,30000.0,500000.0
Whitestone Residence,056-whitestone-residence,https://ipoteka.birbank.az/api/files/temp,21,40.401424,49.864418,Ailə Park MTK (Whitestone Towers),"Bakı şəhəri, Nərimanov r., Təbriz və İ.Həsənoğlu küç. Kəsişməsi",0507003999,,3999,,whitestone.az/,,www.instagram.com/whitestonetowers/,https://ipoteka.birbank.az/api/files/374d1dc9-26aa-45cf-af65-55fcf86104db.png,30.0,5.0,20,20000.0,500000.0
Architectural Construction Group,597-architectural-construction-group,https://ipoteka.birbank.az/api/files/59250b45-f1da-4092-b9aa-34e943123938.jpg,21,40.406143,49.875423,Architectural Construction Group MMC,"Bakı şəh., Nərimanov ray. Əliyar Əliyev küç. 39",0505519521,,,,,,,https://ipoteka.birbank.az/api/files/60019da8-9920-4fe8-98ef-d0635a1605f4.jpg,30.0,5.0,20,20000.0,500000.0
Daşınmaz əmlak agentliyi,911-dasinmaz-emlak-agentliyi,https://ipoteka.birbank.az/api/files/temp,82,40.489613,50.15083,Arya Group MMC,"Bakı şəh., Mərdəkan qəs., Sergey Yesenin küç 78",0703001800,,,,,,,https://ipoteka.birbank.az/api/files/d775a26c-660c-4aca-b41c-4eefb5699b5a.jpeg,15.0,5.0,20,20000.0,500000.0
Park Academy,426-park-academy-,https://ipoteka.birbank.az/api/files/6639566e-965f-402e-a558-14758bcdf3ea.jpg,4,40.374657,49.816628,Avanqard - MM MMC,Hüseyn Cavid prospekti 26,0104141010,,,,,,,https://ipoteka.birbank.az/api/files/1e847ed8-3a4a-4b00-b11b-da4d90cfbeda.png,15.0,5.0,20,20000.0,500000.0
,,,,,,BAKI-MEXANİKLƏŞDİRMƏ-1 ASC,Bakı şəhəri Zabrat – Kürdəxanı şossesı.,0502742278,0502742278,,,,,,https://ipoteka.birbank.az/api/files/temp,30.0,5.0,20,30000.0,500000.0
Bazis Real Estate,385-bazis-real-estate,https://ipoteka.birbank.az/api/files/dd560bf9-f53e-4f90-8cf8-aa01d95e4fe4.jpg,5,40.382675,49.880703,Bazis Real Estate MMC,"Bakı şəh., Ağ şəhər., Mərkəzi Bulvar küç",0557329992,0557329992,,,www.bazis.az,www.facebook.com/bazis.real.estate,www.instagram.com/bazis.real.estate,https://ipoteka.birbank.az/api/files/ee9426e1-996c-4aa9-bb3c-7c4ec137973d.png,15.0,16.5,20,20000.0,500000.0
Boulevard Residence,234-boulevard-residence,https://ipoteka.birbank.az/api/files/ed3310f8-c183-43fe-bf4a-3f93c3dd1766.png,1,40.33929,49.8325,Best Construction MTK,"Bakı şəhəri, Gülbala Əliyev küçəsi 9",0503154182,,0125056964,,,,,https://ipoteka.birbank.az/api/files/00b67cb8-a89d-4209-9fa3-e0fb604f2f8d.png,15.0,16.5,20,20000.0,500000.0
Best Home MMC,596-best-home-mmc-,https://ipoteka.birbank.az/api/files/8ff166e8-2214-4f19-8592-c579e9818b8d.jpg,102,40.376324,49.977814,Best Home MMC,"Bakı şəhəri, Nərimanov rayonu, Əliyar Əliyev küçəsi (Nərimanov filialı)",0703152222,0708468585,,,besthome.az,,,https://ipoteka.birbank.az/api/files/c9e0332c-4a14-484b-9942-0b91e2195868.jpg,15.0,16.5,20,20000.0,500000.0
Best Home MMC,915-best-home-mmc,https://ipoteka.birbank.az/api/files/ea368393-b36b-4be4-b3e8-67c27f34d767.jpg,5,40.374283,49.96187,Best Home MMC,"Bakı şəhəri, Nərimanov rayonu, Əliyar Əliyev küçəsi (Nərimanov filialı)",0703152222,0708468585,,,besthome.az,,,https://ipoteka.birbank.az/api/files/c9e0332c-4a14-484b-9942-0b91e2195868.jpg,15.0,16.5,20,20000.0,500000.0
Daşınmaz Əmlak Agentliyi,421-dasinmaz-əmlak-agentliyi,https://ipoteka.birbank.az/api/files/00d27f10-07da-43e8-b23d-1c8e31fa09ec.jpg,21,40.40322,49.878384,Best Home MMC,"Bakı şəhəri, Nərimanov rayonu, Əliyar Əliyev küçəsi (Nərimanov filialı)",0703152222,0708468585,,,besthome.az,,,https://ipoteka.birbank.az/api/files/c9e0332c-4a14-484b-9942-0b91e2195868.jpg,15.0,16.5,20,20000.0,500000.0
CASPRO DAŞINMAZ ƏMLAK AGENTLIYI,591-caspro-daşinmaz-əmlak-agentliyi,https://ipoteka.birbank.az/api/files/ad860cde-a56e-436f-b5c1-1835c30c0f97.jpeg,5,40.37838,49.874447,CASPRO DAŞINMAZ ƏMLAK AGENTLIYI,"Bakı, Xətai rayonu,1212-ci məhəllə, 8 Noyabr pr. 15. Azure Biznes Mərkəzi 22-ci mərtəbə,ofis 157. AZ1025",0554886600,,0124886601,,www.caspro.az,https://www.facebook.com/caspro.az/,https://www.instagram.com/caspro.az/,https://ipoteka.birbank.az/api/files/526773f5-8974-477c-bd41-101ef0d4e355.jpeg,30.0,16.5,20,30000.0,500000.0
Turkuaz Yaşayış Kompleksi,831-turkuaz-yasayis-kompleksi,https://ipoteka.birbank.az/api/files/ff30ca99-972d-4abd-854c-2a7a5a6ce5b3.jpg,5,40.37245,49.96257,Cavadxan RB,"Bakı şəh., Xətai ray. Nəsrəddin Tusi küç.293 (Əhmədli Metrosunun yaxınlığı)",0502421122,,,,,,https://www.instagram.com/turkuaz.ahmadli/,https://ipoteka.birbank.az/api/files/b0a298ba-58ed-4c44-8b22-30d37bfd7e37.png,30.0,16.5,20,20000.0,500000.0
,,,,,,City Life MMC,"Yasamal rayonu, Cəfər Cabbarlı küçəsi",0509700088,,,,,,,https://ipoteka.birbank.az/api/files/4b41610d-803c-40af-85d2-1469a6526474.png,20.0,16.5,20,20000.0,500000.0
Cənub MTK Xalqlar,227-cenub-mtk-xalqlar,https://ipoteka.birbank.az/api/files/1eaa7f00-8593-4196-940c-d761534b1a18.jpg,2,40.401962,49.95497,Cənub MTK,"Bakı şəh., Nizami ray., Bəhruz Nuriyev küç., 32",0506070990,,,,,,,https://ipoteka.birbank.az/api/files/temp,30.0,16.5,20,20000.0,500000.0
Delfin MTK,078-delfin-mtk,https://ipoteka.birbank.az/api/files/bd16ddc9-8796-4e39-b7bd-7466f38dc782.jpeg,102,40.386486,49.97525,Delfin MTK,"Bakı şəh., Suraxanı ray., Yeni Günəşli qəs., AB Y/S 117 E",0505518115,,,,,,,https://ipoteka.birbank.az/api/files/29a4a526-d743-496f-9136-8b69f2c138ff.jpeg,30.0,16.5,20,20000.0,500000.0
Draft Construction,317-draft-construction,https://ipoteka.birbank.az/api/files/0dbb7154-9d1a-4552-9f58-7edfe0f1ae0f.png,3,40.3816,49.846245,Draft Construction MMC,"Bakı ş, Azadlıq prosp. 55",0774112211,,,,draft.az,,,https://ipoteka.birbank.az/api/files/76d58596-be6e-48ad-acb3-14a69ddf2a0f.png,30.0,16.5,20,20000.0,500000.0
Elit Park,959-elit-park,https://ipoteka.birbank.az/api/files/temp,6,40.424713,49.855457,Dərnəgül MTK,"Bakı şəh., Yasamal ray., Kamal Rəhimov., ev 15., m 76",0514230505,,0125620330,,www.elitpark.az,www.facebook.com/elitpark.az,www.instagram.com/elitpark_/,https://ipoteka.birbank.az/api/files/06febffc-4ce8-4dc9-a418-6e800817ab37.png,30.0,5.0,20,20000.0,500000.0
Effektparkcom,221-effektparkcom,https://ipoteka.birbank.az/api/files/temp,21,40.39405,49.861103,Effekt İnşaat MTK,"Bakı şəh., Nərimanov rayonu",0555501555,0555501555,,,www.effektpark.com,www.facebook.com/effektpark.az,www.instagram.com/effektparkcom,https://ipoteka.birbank.az/api/files/temp,20.0,16.5,20,30000.0,500000.0
Etibarlı Residence,046-etibarli-residence,https://ipoteka.birbank.az/api/files/2605125a-c078-4524-87cf-d31718d5e89e.PNG,22,40.39782,49.973038,Etibarlı MTK,"Bakı şəh., Qaraçuxur qəs., Əhməd Mehbalıyev 34/36",0553630000,0775220000,,,,,,https://ipoteka.birbank.az/api/files/236b8f88-0725-46e7-8bdc-e4dbd46d537e.png,30.0,16.5,20,30000.0,500000.0
Baku City Residence Koroğlu,547-baku-city-residence-koroglu,https://ipoteka.birbank.az/api/files/temp,21,,,Factor Group S,,0507501121,,,,koroglu.bcr.az,www.facebook.com/bakucityresidence/?modal=admin_todo_tour,www.instagram.com/baku_city_residence/,https://ipoteka.birbank.az/api/files/e06b564f-9791-44ab-a7be-e1b19da193d6.png,,,,,
Fərhad-7,629-ferhad-7,https://ipoteka.birbank.az/api/files/241f53dd-4561-4aa6-9773-645ef6876c68.jpg,6,40.422535,49.812782,Fərhad-7 MTK,"Bakı şəh., Binəqədi ray., 9-cu MKR, 3169-cu məhəllə",0502289444,,,,,,,https://ipoteka.birbank.az/api/files/temp,30.0,16.5,20,20000.0,500000.0
Gold Construction Xətai Filialı,002-gold-construction-xetai-filiali,https://ipoteka.birbank.az/api/files/d720d966-6fa5-4ebc-a17b-a55c9b8553ba.jpg,5,40.385,49.87255,Gold Construction MMC-nin Xətai filialı,"Bakı şəhəri, Xətai rayonu, Ayaz İsmayılov küçəsi 35",0503880012,0502855005,,,goldconstruction.az/,,goldconstruction.az/,https://ipoteka.birbank.az/api/files/80142154-0463-416e-a3f8-9ddc5bdadcfb.png,30.0,16.5,20,30000.0,500000.0
Hüseynoğlu Residence,921-huseynoglu-residence,https://ipoteka.birbank.az/api/files/242f4844-1c9e-40b5-8990-b15bee4a129f.jpg,6,40.41925,49.843052,Hüseynoğlu Residence MTK,"Bakı şəh., Binəqədi ray., 8 MKR, İbrahimpaşa Dadaşov 70A",0504446010,0504447010,,,www.huseynogluresidence.az,https://www.facebook.com/huseynogluresidence,https://www.instagram.com/huseynoglu_residence/?hl=tr,https://ipoteka.birbank.az/api/files/c8f7e7b5-3ef0-4d91-aad4-3363019368cb.png,30.0,16.5,20,20000.0,500000.0
,,,,,,Kristal AA İnşaat MTK,"Xırdalan şəhəri, Məmməd Əmin Rəsulzadə küçəsi 21",0508542444,,,,,,,https://ipoteka.birbank.az/api/files/03bd70b4-ba49-4ce0-b8d6-ebc395cd2213.png,30.0,5.0,20,30000.0,500000.0
LUX  RESİDENCE,069-lux--resi̇dence,https://ipoteka.birbank.az/api/files/3c8a2be5-8cf8-4122-8f0a-810c26bbb88b.jpg,4,40.367176,49.821007,LUX RESİDENCE MMC,"Yasamal ray. Ələsgər Ələkbərov, Mikayıl Müşfiq, Seyfəddin Dağlı, İsmayıl bəy Qutqaşınlı küç. kəsişməsi.",0508090088,,,,,,,https://ipoteka.birbank.az/api/files/ee483e37-02ca-4587-8785-9168e24c2601.jpg,30.0,16.5,20,20000.0,500000.0
Lake City,581-lake-city,https://ipoteka.birbank.az/api/files/5e3a12c5-e04d-4ff2-bf38-1dc093b8c8ef.png,21,40.413555,49.85762,Lake City MTK,"Bakı şəh., Ziya Bünyadov  2036",0555060505,,1505,,,,,https://ipoteka.birbank.az/api/files/c5862282-9a3d-476a-8105-83979aa48fab.png,20.0,16.5,20,20000.0,500000.0
,,,,,,Lider MTK,Sumqayıt şəh. 6 cı mkr.,0553403819,,0124997860,,,,,https://ipoteka.birbank.az/api/files/temp,20.0,5.0,20,20000.0,500000.0
Grand Narimanoff,894-grand-narimanoff,https://ipoteka.birbank.az/api/files/temp,21,40.39387,49.85807,Lider-N MTK,Fəxrəddin Əsədov küçəsi,0997959993,,,,,,,https://ipoteka.birbank.az/api/files/temp,30.0,16.5,20,30000.0,500000.0
"Bakı şəhəri., Binəqədi ray., 7-ci mkr., A.Kunanbayev küç. 135a","622--baki-seheri.,-bineqedi-ray.,-7-ci-mkr.,-a.kunanbayev-kuc.-135a",https://ipoteka.birbank.az/api/files/d2b3ef0a-fa5d-4c12-9d01-ae8653b44843.jpg,6,40.435013,49.85451,MODERN PARK MTK,"Bakı şəh., Binəqədi ray., 7-ci mkr., Abay Kunanbayev küç., 135A",0506005533,0556005533,,,modernpark.az,,,https://ipoteka.birbank.az/api/files/207d522f-77d1-4603-9a9d-be4cac0a0925.jpg,30.0,16.5,20,20000.0,500000.0
Ləhiş Bağları,449-lehis-baglari,https://ipoteka.birbank.az/api/files/90a0773c-153e-455f-bd15-dd8c0263241d.jpg,82,40.566536,49.933384,MP Qrup MMC,"Bakı dairəvi yol, Nardaran qəs., 36-ci dalan.",0502612121,,,,,,,https://ipoteka.birbank.az/api/files/3601be22-bef8-4a26-91cd-61e399495ae2.png,30.0,16.5,20,30000.0,500000.0
Makro Park,918-makro-park,https://ipoteka.birbank.az/api/files/temp,21,,,Makro İnşaat MTK,,0553414488,,,,www.makroinshaat.az,www.facebook.com/MacroInsaatMTK/,www.instagram.com/makroinshaat/,https://ipoteka.birbank.az/api/files/bd3707a9-44cf-4c1e-b5eb-278dca3a292b.jpg,,,,,
Yaşam Boulevard Residence,509-yasam-boulevard-residence,https://ipoteka.birbank.az/api/files/e25b8856-dd74-4854-9d10-dce5ba3c9c97.jpeg,1,40.34229,49.83968,Mənzərə Ş MMC,Qurban Abbasov küçəsi 42,0997113300,0107113300,,,,,,https://ipoteka.birbank.az/api/files/temp,15.0,16.5,20,20000.0,500000.0
Mərtəbələr,749-mertebeler-,https://ipoteka.birbank.az/api/files/d4cacb6c-9df1-44b8-bbe1-44454f3ad991.jpg,21,40.397667,49.86986,Mərtəbələr MMC,"Nərimanov ray, Həsənoğlu 4",,,0123110250,,baku.etagi.com,,,https://ipoteka.birbank.az/api/files/90d83af0-4413-4da8-ac7e-49bd82116817.jpg,15.0,16.5,20,20000.0,500000.0
ParkTown Residence,949-parktown-residence,https://ipoteka.birbank.az/api/files/temp,4,40.38323,49.820305,PARKTOUN MTK,"Bakı ş., Yasamal r, T.Şahbazi  küç ev.99",0504250505,,,,,,,https://ipoteka.birbank.az/api/files/cc2dc4c2-e55d-4414-9958-00463cb67ce9.jpeg,30.0,5.0,20,20000.0,500000.0
Park Avenue Residence,460-park-avenue-residence,https://ipoteka.birbank.az/api/files/5adc21dd-1136-47f6-a027-523d2184e101.jpg,5,40.388443,49.892006,Park Avenue MTK,"Ağ Şəhər, Qarabağ Atları Meydanı",0555050066,0502522500,,,www.parkavenue.az,www.facebook.com/parkavenue2019/,www.instagram.com/parkavenueresidence/,https://ipoteka.birbank.az/api/files/a36ebaf3-d27a-4345-b301-495cbcc5f0ca.jpg,30.0,5.0,20,20000.0,500000.0
Pilot Reisdence,614-pilot-reisdence,https://ipoteka.birbank.az/api/files/temp,3,,,Pilot Hayat MTK,,0508890088,,,,pilothayat.az,www.facebook.com/pilothayatresidence/,www.instagram.com/pilothayat.residence/,https://ipoteka.birbank.az/api/files/8b0e9e6b-113b-479e-9df2-5786e910229f.png,,,,,
East Park,704-east-park,https://ipoteka.birbank.az/api/files/temp,21,,,Poleks MTK,,0502778833,,,,eastpark.az,www.facebook.com/eastpark.az/,www.instagram.com/eastpark.az/,https://ipoteka.birbank.az/api/files/70f252de-6b95-4310-a237-ca37582c997a.jpg,,,,,
Majestic Palace,091-majestic-palace,https://ipoteka.birbank.az/api/files/temp,5,40.386215,49.89042,Prestij-V MTK,"Bakı şəhəri, Ağ şəhər",0505006003,,,,,www.facebook.com/majesticgroup.az/,www.instagram.com/majesticgroup.az/,https://ipoteka.birbank.az/api/files/6cb5078c-3714-4e81-b286-a100beab29c1.PNG,30.0,5.0,20,20000.0,500000.0
,,,,,,Prohome MMC,"Bakı şəh., Səbail ray., Badamdar qəs.",0503447700,,,,,,,https://ipoteka.birbank.az/api/files/283a479a-3c56-46c7-9812-534ca2687b0d.jpg,15.0,5.0,20,20000.0,500000.0
Azadlığ Bağçalı Evlər,838-azadlig-bagcali-evler,https://ipoteka.birbank.az/api/files/temp,21,,,Qaranti-İnşaat-2012 MMC,,0502976464,,*6464,,garantigroup.com.az/project/2,www.facebook.com/GarantiGroup.az/,www.instagram.com/garantigroup.az/,https://ipoteka.birbank.az/api/files/6a40d9f4-5520-4a11-a9f6-86caaa793e3e.jpg,,,,,
,,,,,,RR Constructions MMC,"Bakı şəhəri, Nərimanov r-nu, Mayakovski 8/9-10",0502725500,,,,rrconstructions.az/,rrconstructions.az/,rrconstructions.az/,https://ipoteka.birbank.az/api/files/a7ec844b-f309-4d29-afcb-02b0eb44dbcb.PNG,30.0,5.0,20,30000.0,500000.0
Real Əmlak,780-real-əmlak,https://ipoteka.birbank.az/api/files/9cb6a316-acde-45c8-bfbf-da4d719b8832.jpg,1,40.365234,49.81969,Real Əmlak Daşınmaz Agentliyi,"Mikayıl Müşviq küç. bina10, mən.1",0503943323,0504403323,,,,,,https://ipoteka.birbank.az/api/files/7c24156a-0be3-4f6b-9634-2440ca65000a.png,30.0,5.0,20,30000.0,500000.0
Reca MMC,411-reca-mmc,https://ipoteka.birbank.az/api/files/14936ac0-9dc2-4c00-9c19-97f5713158dd.png,4,40.387913,49.807487,Reca MMC,Yasamal rayonu Həsən bəy Zərdabi prospekti 55/64 / Əsəd Əhmədov küçəsi 22 / Əhmədli metrosu RSD Plaza,0553469696,0993469696,0124323703,,,,,https://ipoteka.birbank.az/api/files/temp,30.0,5.0,20,30000.0,500000.0
Red Baku,022-red-baku,https://ipoteka.birbank.az/api/files/08d1e49d-f3a5-4ffa-8976-139d961042b2.jpg,4,40.385372,49.828682,Red Baku MMC,"Bakı şəh., Yasamal ray., Cəfər Cabbarlı küç., Caspian Plaza",0102504030,0702824400,0123103540,,www.redbaku.az,,,https://ipoteka.birbank.az/api/files/82b4102e-225e-4302-a7d4-9e55078458ba.jpg,15.0,5.0,20,20000.0,500000.0
Bağüstü Park Yaşayış Kompleksi,129-bagustu-park-yasayis-kompleksi,https://ipoteka.birbank.az/api/files/a3f897e2-0836-4548-9130-181cda1dcb7f.PNG,22,40.41414,49.950233,SABAH TİKİNTİ MMC,"BAKI ŞƏH,SABUNÇU RAYONU,BAKIXANOV QƏS,BAĞÜSTÜ KÜÇ,3 Q SAYLI SAHƏ",0702190111,0992292299,,,,,,https://ipoteka.birbank.az/api/files/124ef75a-b587-4770-8e84-3492440f19aa.jpg,30.0,5.0,20,30000.0,500000.0
Şəms Residence,112-şems-residence,https://ipoteka.birbank.az/api/files/5ab36a06-9027-46e9-ab21-bf96fe6b5e07.PNG,102,40.375195,49.97791,SHAMS RESİDENCE (Ana Kür MTK),"Bakı ş., Suraxanı r., Yeni Günəşli qəs., D yaşayış massivi",0555254425,0555254425,,,,https://www.facebook.com/Shamsresidence,https://www.instagram.com/shams.residence,https://ipoteka.birbank.az/api/files/c9b06016-4f60-428f-a303-fcdb34eab1ff.png,30.0,5.0,20,30000.0,500000.0
Servispalace Residence,155-servispalace-residence,https://ipoteka.birbank.az/api/files/947d3f78-50ba-4d48-9e62-08d9cdaff343.PNG,3,40.38838,49.846832,Servis MTK,"Bakı şəh., Ceyhun Hacıbəyli 14",0502494808,,0124406363,,,,www.instagram.com/servispalace.az/,https://ipoteka.birbank.az/api/files/0927d563-ae3c-44ea-b14b-c5bbd35ff2d8.png,30.0,5.0,20,20000.0,500000.0
Əmlak Agentliyi,961-emlak-agentliyi,https://ipoteka.birbank.az/api/files/39865fb0-d4a2-41f2-ae49-144b6a2d5e43.png,4,40.37036,49.817978,TAP Əmlak agentliyi,"Bakı şəh., Yasamal ray., Ələsgər Ələklbərov küç., 507",0559661282,,,,,,,https://ipoteka.birbank.az/api/files/12a39144-4363-4d92-b1e0-344429eb9a93.png,15.0,5.0,20,20000.0,500000.0
Turan+T.T yaşayış binası,810-turan+t.t-yasayis-binasi,https://ipoteka.birbank.az/api/files/b3059c67-dbe2-46ed-8a31-f20d263b37c9.jpg,6,40.421913,49.836197,TURAN+T.T. MTK,"Bakı şəhəri, Binəqədi rayonu, Məsud Davudoğlu küçəsi 32",0505009090,0504884844,,,,,,https://ipoteka.birbank.az/api/files/27ce5c19-699c-49d6-8f26-dedb2f84f3d1.png,30.0,5.0,20,20000.0,500000.0
Rieltor,684-rieltor,https://ipoteka.birbank.az/api/files/dee619bc-0645-470e-9b57-42d64a8f6ff0.png,3,40.38003,49.85327,Vip House,Bakı ş.Nəsimi r-nu D.Əliyeva küç.243,0555557179,,,,,,,https://ipoteka.birbank.az/api/files/f96cfe1d-d13c-4869-9cc4-5e0749e63ee0.jpg,20.0,5.0,20,30000.0,500000.0
Vətən-2022,628-veten-2022,https://ipoteka.birbank.az/api/files/f799b59c-59cd-4be1-bb32-728ad544c95c.jpg,102,40.380154,49.97821,Vətən 2022 MMC,"Bakı şəh., Suraxanı ray., Yeni Günəşli qəs., S.Cəfərov küç. ilə Mərkəzi küç.-in kəsişməsi",0554415050,0554415050,,,,,,https://ipoteka.birbank.az/api/files/9c3d848a-6548-45f1-add3-647d919c2ba9.jpg,15.0,5.0,20,20000.0,500000.0
28 Residence,707-28-residence,https://ipoteka.birbank.az/api/files/0eef0d27-0064-4c1a-ab13-045318984cc9.jpg,3,40.38393,49.846878,Winter City Group,"Bakı şəh., Mirəli Qaşqay və Sahib Zeynalov küçələrinin kəsişməsi",0502711155,0552022211,0505055522,,,,,https://ipoteka.birbank.az/api/files/334f066b-1d1e-4910-99c7-5cfdf6f01185.png,30.0,5.0,20,20000.0,500000.0
Malibo,888-malibo,https://ipoteka.birbank.az/api/files/6c2a2c0b-8606-423e-acd2-4ee7259e2921.png,3,40.3795,49.836464,Winter City Group,"Bakı şəh., Mirəli Qaşqay və Sahib Zeynalov küçələrinin kəsişməsi",0502711155,0552022211,0505055522,,,,,https://ipoteka.birbank.az/api/files/334f066b-1d1e-4910-99c7-5cfdf6f01185.png,30.0,5.0,20,20000.0,500000.0
Grand Plaza,773-grand-plaza,https://ipoteka.birbank.az/api/files/ab7a6ab9-2902-4b15-a37d-fb8e8d22a340.png,3,40.392883,49.839233,Winter City Group,"Bakı şəh., Mirəli Qaşqay və Sahib Zeynalov küçələrinin kəsişməsi",0502711155,0552022211,0505055522,,,,,https://ipoteka.birbank.az/api/files/334f066b-1d1e-4910-99c7-5cfdf6f01185.png,30.0,5.0,20,20000.0,500000.0
Xəmsə Palace,270-xemse-palace,https://ipoteka.birbank.az/api/files/f610ecb9-be84-4d28-81a3-bbe95cae6c12.jpeg,6,40.43067,49.842655,Xəmsə Palace 2021 MTK,"Bakı şəhəri, Binəqədi rayonu, Süleyman Sani Axundov küçəsi",0515555065,,,,,Xemse Palace,xemsepalace,https://ipoteka.birbank.az/api/files/19c3797a-2d6d-4774-9db8-70c1dc9ab7a1.png,30.0,5.0,20,20000.0,500000.0
Belvedere Residence,375-belvedere-residence,https://ipoteka.birbank.az/api/files/temp,4,,,Yasamal M MMC,,0552400073,,,,,,,https://ipoteka.birbank.az/api/files/temp,,,,,
İnci Residence,213-i̇nci-residence,https://ipoteka.birbank.az/api/files/temp,102,40.37989,49.98243,İB.İN.M-İNŞAAT MTK,"Bakı şəh., Suraxanı ray., Yeni Günəşli qəsəbəsi, “V” yaşayış sahəsi, bina 12E",0507547414,,,,,,,https://ipoteka.birbank.az/api/files/8d90be58-781e-4443-ab62-b5e440fb3bc0.png,30.0,5.0,20,30000.0,500000.0
Daşınmaz əmlak agentliyi,570-dasinmaz-emlak-agentliyi,https://ipoteka.birbank.az/api/files/2d666451-a9bc-4db5-bea2-f353760837e9.png,3,40.377735,49.838562,İPOTEKA GROUP MMC,"Bakı şəhəri, Füzuli 49, SKS Plaza",0554444147,,,,,,,https://ipoteka.birbank.az/api/files/a912b898-0e3f-498a-a1f5-5ddfbef59c4e.png,30.0,5.0,20,30000.0,500000.0
Khatai residence,689-khatai-residence,https://ipoteka.birbank.az/api/files/1e8fdd67-3c3a-495a-8e47-817d51170760.PNG,5,40.382263,49.873215,İnter MMC,"Bakı şəh., Xətai ray., Xocalı pr., 1181-ci məhəllə (Xətai m/s ilə üzbəüz)",0502188288,,,,,,,https://ipoteka.birbank.az/api/files/94ef4cf9-f4a4-42a4-a423-957bad539261.png,30.0,5.0,20,30000.0,500000.0
Şahsaray Yaşayış Kompleksi,011-şahsaray-yasayis-kompleksi,https://ipoteka.birbank.az/api/files/temp,162,40.698257,46.373882,Şahsaray Yaşayış Kompleksi,"Kəpəz rayonu, Ü.Hacıbəyov küçəsi ilə Ş.İ.Xətai prospektinin kəsişməsi",0505179080,,,,,shahsaray.residence,shahsaray.yk/,https://ipoteka.birbank.az/api/files/temp,30.0,5.0,20,30000.0,500000.0
